era,file_no,status,title
2022,220752,skipped_short_text,"Resolution declaring the results of the June 7, 2022, Consolidated Statewide Dir"
2022,220713,kept,Resolution urging airline service contractors operating at San Francisco Interna
2022,220712,kept,Resolution urging Governor Gavin Newsom and the Department of Alcoholic Beverage
2022,220711,kept,Resolution urging St. Mary's Medical Center and Dignity Health to return to the 
2022,220648,kept,Resolution supporting funding for the Early College 2022 summer internship progr
2022,220645,skipped_short_text,Resolution authorizing the Department of Public Works to accept and expend grant
2022,220628,kept,"Resolution supporting California State Assembly Bill No. 288 (AB 288), introduce"
2022,220616,kept,"Resolution supporting California State Assembly Bill No. 2417, Juveniles: Youth "
2022,220615,kept,"Resolution urging the Department of Public Health, in consultation with the Depa"
2022,220614,kept,Resolution urging the Controller to submit an application to the Refuse Rate Boa
2022,220613,skipped_commendation,Resolution commending the dedicated workforce of San Francisco Public Works and 
2022,220612,skipped_commendation,"Resolution supporting California State Assembly Bill No. 1947, authored by Assem"
2022,220611,kept,Resolution urging the California Assembly to pass California State Senate Bill N
2022,220610,kept,"Resolution proclaiming May 29 through June 4, 2022, as the Queer and Transgender"
2022,220604,skipped_short_text,Resolution authorizing the Office of Contract Administration to enter into Peopl
2022,220603,skipped_short_text,Resolution authorizing the Office of Contract Administration to enter into Peopl
2022,220602,skipped_short_text,Resolution authorizing the Office of Contract Administration to enter into Peopl
2022,220601,skipped_short_text,Resolution authorizing the Office of Contract Administration to enter into Peopl
2022,220553,kept,Resolution approving the list of projects to be funded by Fiscal Year 2022-2023 
2022,220550,kept,Resolution initiating an amendment to the landmark designation of 429-431 Castro
2022,220525,kept,Resolution modifying the Management District Plan for the Dogpatch and Northwest
2022,220517,kept,Resolution approving the first amendment to the grant agreement between Brillian
2022,220516,kept,Resolution approving the first amendment to the grant agreement between Bayview 
2022,220515,kept,Resolution approving the second amendment to the grant agreement between Five Ke
2022,220513,kept,Resolution 1) approving and authorizing the Director of Property and the Mayor’s
2022,220512,kept,Resolution authorizing the issuance and delivery of tax-exempt multifamily housi
2022,220496,kept,Resolution authorizing the Port Commission to accept and expend a grant in the a
2022,220495,kept,Resolution authorizing the San Francisco Public Library to accept and expend a g
2022,220493,kept,Resolution concurring with the Controller's certification that department servic
2022,220461,kept,Resolution initiating a landmark designation under Article 10 of the Planning Co
2022,220460,kept,Resolution approving the Fiscal Year (FY) 2022-2023 Emergency Solutions Grants (
2022,220459,kept,Resolution approving the Fiscal Year (FY) 2022-2023 HOME Investment Partnership 
2022,220458,kept,Resolution approving the Fiscal Year (FY) 2022-2023 Community Development Block 
2022,220456,kept,Resolution approving the Fiscal Year (FY) 2022-2023 Housing Opportunities for Pe
2022,220455,kept,Resolution retroactively authorizing the Department of Public Health to accept a
2022,220454,kept,Resolution retroactively authorizing the Department of Public Health to accept a
2022,220453,kept,Resolution approving the first amendment to the grant agreement between the Tend
2022,220452,kept,Resolution approving the second amendment to the contract between the TIDES Cent
2022,220451,kept,"Resolution authorizing the Director of Property, on behalf of the Department of "
2022,220448,kept,Resolution declaring the intention of the Board to order the vacation of 1) a po
2022,220442,kept,Resolution confirming report of delinquent charges for overdue Administrative Ci
2022,220443,kept,Resolution approving Amendment No. 1 to the agreement between Community Forward 
2022,220439,kept,Resolution approving Modification No. 3 to Contract No. 50118.02 with Dignity He
2022,220445,kept,Resolution approving the settlement of the unlitigated claims filed by Zoom Vide
2022,220438,kept,Resolution authorizing the Executive Director of the Port of San Francisco to ex
2022,220444,kept,Resolution approving an amendment to the grant agreement between the City and Co
2022,220433,kept,"Resolution approving for purposes of Internal Revenue Code of 1986, as amended, "
2022,220430,kept,Resolution retroactively approving the Fiscal Year (FY) 2021-2022 HOME Investmen
2022,220429,kept,Resolution retroactively authorizing the San Francisco Public Utilities Commissi
2022,220413,kept,Resolution approving Amendment No. 1 to the Mountain Tunnel Improvements Project
2022,220401,kept,"Resolution renaming Hahn Street, between Visitacion Avenue and Sunnydale Avenue,"
2022,220397,kept,Resolution urging the California State Legislature to pass California State Sena
2022,220292,kept,Resolution retroactively authorizing the Recreation and Park Department to accep
2022,220291,kept,Resolution retroactively authorizing the Recreation and Park Department to accep
2022,220289,kept,Resolution retroactively authorizing the Department of Public Health to accept a
2022,220288,kept,Resolution retroactively authorizing the Department of Public Health to accept a
2022,220248,kept,"Resolution changing the street name of Sonora Lane, between O’Farrell Street and"
2022,220253,kept,Resolution determining that the issuance of a person-to-person and premises-to-p
2022,220252,kept,Resolution determining that premise-to-premise/person-to-person transfer of a Ty
2022,211049,kept,Resolution authorizing the Recreation and Park Department to accept and expend c
2022,210877,kept,Resolution authorizing the Port of San Francisco to execute a Memorandum of Unde
2026,260691,skipped_commendation,"Resolution celebrating Juneteenth as a day of reflection, empowerment, and comme"
2026,260688,skipped_commendation,Resolution recognizing the Dragon Boat Festival’s role in strengthening communit
2026,260687,kept,Resolution authorizing the Department of Homelessness and Supportive Housing’s E
2026,260648,kept,Resolution initiating a landmark designation under Article 10 of the Planning Co
2026,260645,kept,Resolution extending by 90 days the prescribed time within which the Historic Pr
2026,260644,kept,Resolution extending by 90 days the prescribed time within which the Historic Pr
2026,260643,kept,Resolution extending by 90 days the prescribed time within which the Historic Pr
2026,260642,kept,Resolution extending by 90 days the prescribed time within which the Historic Pr
2026,260641,kept,Resolution extending by 90 days the prescribed time within which the Historic Pr
2026,260640,kept,Resolution extending by 90 days the prescribed time within which the Historic Pr
2026,260639,kept,Resolution extending by 90 days the prescribed time within which the Historic Pr
2026,260638,kept,Resolution extending by 90 days the prescribed time within which the Historic Pr
2026,260637,kept,Resolution extending by 90 days the prescribed time within which the Historic Pr
2026,260636,kept,Resolution extending by 90 days the prescribed time within which the Historic Pr
2026,260635,kept,Resolution extending by 90 days the prescribed time within which the Historic Pr
2026,260634,kept,Resolution extending by 90 days the prescribed time within which the Historic Pr
2026,260633,kept,Resolution extending by 90 days the prescribed time within which the Historic Pr
2026,260632,kept,Resolution extending by 90 days the prescribed time within which the Historic Pr
2026,260631,kept,Resolution extending by 90 days the prescribed time within which the Historic Pr
2026,260630,kept,Resolution extending by 90 days the prescribed time within which the Historic Pr
2026,260629,kept,Resolution extending by 90 days the prescribed time within which the Historic Pr
2026,260627,skipped_commendation,Resolution recognizing the contributions and life of Vincent Michael Williams an
2026,260624,kept,Resolution authorizing the Director of Transportation to enter into a loan agree
2026,260605,kept,Resolution approving the Fiscal Year (FY) 2026-2027 Interim Budget of the Office
2026,260561,skipped_commendation,Resolution commemorating the San Francisco Youth Commission for its 30 years of 
2026,260560,skipped_commendation,Resolution commending June Jordan School for Equity (JJSE) for its outstanding c
2026,260559,kept,Resolution retroactively approving Amendment No. 4 to a grant agreement between 
2026,260550,kept,Resolution authorizing and directing the Executive Director of the Treasure Isla
2026,260549,kept,Resolution of intention to add territory to the City and County of San Francisco
2026,260548,kept,"Resolution approving for purposes of the Internal Revenue Code of 1986, as amend"
2026,260547,kept,Resolution 1) approving and authorizing the Director of Property and the Mayor’s
2026,260546,kept,Resolution authorizing all City and County of San Francisco Departments to submi
2026,260522,kept,Resolution urging State officials to support California State Senate Bill No. 43
2026,260520,kept,Resolution retroactively authorizing the Office of Cannabis to accept and expend
2026,260517,kept,"Resolution approving and authorizing the Director of Real Estate, on behalf of t"
2026,260515,kept,Resolution authorizing Department of Public Health (DPH) to accept and expend gr
2026,260514,kept,Resolution authorizing the Department of Public Works to accept and expend a gra
2026,260513,kept,Resolution authorizing the Department of Public Health to accept a capital gift 
2026,260511,kept,"Resolution authorizing the City and County of San Francisco (City), acting by an"
2026,260510,kept,Resolution approving Amendment No. 1 to the agreement between the City and Count
2026,260509,kept,Resolution approving Amendment No. 1 to the agreement between the City and Count
2026,260508,kept,Resolution authorizing the Department of Public Health to enter into Performance
2026,260507,kept,Resolution approving Modification No. 1 to Contract No. 50354.01 with SITA Infor
2026,260500,kept,Resolution retroactively approving an Amended and Restated Lease Agreement betwe
2026,260496,kept,"Resolution authorizing the issuance and sale of not to exceed $195,000,000 aggre"
2026,260481,kept,Resolution authorizing the San Francisco Public Library to accept and expend a g
2026,260480,kept,Resolution concurring with the Controller's certification that department servic
2026,260479,kept,Resolution concurring with the Controller's certification that department servic
2026,260487,kept,"Resolution approving and authorizing the Director of Property, on behalf of the "
2026,260461,kept,Resolution approving the third amendment to the grant agreement between Tenderlo
2026,260460,kept,Resolution approving the second amendment to the grant agreement between the Ten
2026,260459,kept,Resolution approving the contract between the St. Vincent de Paul Society of San
2026,260458,kept,Resolution approving the first amendment to the contract between St. Vincent de 
2026,260457,kept,Resolution approving the first amendment to the contract between DISH SF and the
2026,260456,kept,Resolution retroactively authorizing the Police Department to accept and expend 
2026,260455,kept,Resolution retroactively authorizing the Police Department to execute an amendme
2026,260454,kept,Resolution retroactively authorizing the Human Services Agency to accept and exp
2026,260453,kept,Resolution retroactively authorizing the Human Services Agency to accept and exp
2026,260452,kept,Resolution retroactively authorizing the Recreation and Park Department to accep
2026,260447,kept,Resolution approving Amendment No. 4 to the agreement between the City and Count
2026,260446,kept,Resolution approving Amendment No. 3 to the agreement between the City and Count
2026,260448,kept,Resolution authorizing adoption of the San Francisco Behavioral Health Services 
2026,260441,kept,Resolution approving the Lease Termination Agreement for the Harvey Milk Termina
2026,260443,kept,Resolution approving and authorizing the General Manager of the San Francisco Pu
2026,260438,kept,Resolution approving Amendment No. 1 to the agreement between the City and Count
2026,260442,kept,Resolution authorizing the Sheriff’s Office to contract with the San Francisco P
2026,260440,kept,"Resolution approving the Lease Termination Agreement for Terminal 3, Boarding Ar"
2026,260439,kept,Resolution approving Amendment No. 2 to the agreement between the City and Count
2026,260437,kept,"Resolution determining that the person-to-person, premise-to-premise transfer of"
2026,260422,kept,Resolution adding the commemorative street name “Tony Stefani Way” to Falmouth S
2026,260421,kept,"Resolution determining that the person-to-person, premise-to-premise transfer of"
2026,260418,kept,Resolution approving Amendment No. 1 to the agreement between the City and Count
2026,260416,kept,Resolution approving the settlement of the unlitigated claim filed by Charles Re
2026,260420,kept,"Resolution determining that the person-to-person, premise-to-premise transfer of"
2026,260390,kept,"Resolution approving the agreement between the City and County of San Francisco,"
2026,260389,kept,"Resolution approving the agreement between the City and County of San Francisco,"
2026,260374,skipped_commendation,"Resolution recognizing April 6, 2026, as the 100th Anniversary of United Airline"
2026,260329,kept,"Resolution supporting California State Assembly Bill No. 1837, introduced by Ass"
2026,260340,kept,Resolution approving the settlement of the unlitigated claim filed by The Market
2026,260338,kept,Resolution approving the settlement of an unlitigated claim filed by Warren Guan
2026,260339,kept,Resolution approving the settlement of an unlitigated claim filed by Amy Yanyu C
2026,260137,kept,Resolution imposing interim zoning controls for 18 months to require a Condition
